{"cameraMode":{"drawMode":0,"name":"Shaded","section":"Shading Mode"},"sceneLighting":false,"audioPlay":false,"sceneViewState":{"showFog":true,"showMaterialUpdate":false,"showSkybox":true,"showFlares":true,"showImageEffects":true,"showParticleSystems":true},"in2DMode":false,"pivot":{"x":0.014243138954043389,"y":-0.5004314184188843,"z":0.005975786596536636},"rotation":{"x":0.057284798473119739,"y":0.005990158300846815,"z":-0.00034367674379609525,"w":0.9983398914337158},"size":22.0,"orthographic":false}